support;itemsets
0.9615384615384616;['DC']
0.8589743589743589;['Battery']
0.8205128205128205;['DC', 'Battery']
