support;itemsets
0.9779874213836478;['DC']
0.6729559748427673;['Battery']
0.6540880503144654;['DC', 'Battery']
