support;itemsets
0.9542857142857143;['DC']
0.68;['Battery']
0.6342857142857142;['DC', 'Battery']
