support;itemsets
0.9664429530201343;['Battery']
0.8523489932885906;['DC']
0.8187919463087249;['DC', 'Battery']
0.3825503355704698;['AC']
0.3825503355704698;['Battery', 'AC']
