support;itemsets
0.9714285714285714;[4026]
0.9714285714285714;[2708]
0.96;[4026, 2708]
0.9028571428571428;[2744]
