support;itemsets
0.6874381800197824;[3658]
0.6805143422354105;[3636]
0.6805143422354105;[3658, 3636]
0.66864490603363;[2956]
0.6399604352126608;[2708]
0.6350148367952523;[4068]
0.6310583580613254;[4066]
