support;itemsets
0.734915924826904;[2708]
0.7270029673590505;[3658]
0.7240356083086054;[4068]
0.7230464886251237;[3636]
0.7230464886251237;[3658, 3636]
0.7141444114737884;[2956]
0.7042532146389713;[4066]
