support;itemsets
0.9915966386554622;['DC']
0.6638655462184874;['Battery']
0.6554621848739496;['Battery', 'DC']
