support;itemsets
0.8076923076923077;[2708]
0.6410256410256411;[4068]
0.6025641025641025;[3658]
0.6025641025641025;[3636]
0.6025641025641025;[3658, 3636]
