support;itemsets
0.9828571428571429;[2708]
0.9714285714285714;[4026]
0.9657142857142857;[4026, 2708]
0.92;[2744]
0.9085714285714286;[2744, 4026]
0.9085714285714286;[2744, 2708]
0.9028571428571428;[4066]
0.9028571428571428;[2744, 4026, 2708]
