support;itemsets
0.8846153846153846;[2708]
0.8076923076923077;[4068]
0.7692307692307693;[4066]
0.7692307692307693;[4394]
0.7307692307692307;[4394, 2708]
