support;itemsets
0.6778523489932886;[4168]
0.6711409395973155;[2956]
0.6577181208053692;[2708]
0.6510067114093959;[3658]
0.6442953020134228;[3636]
0.6442953020134228;[3658, 3636]
0.6308724832214765;[4140]
