support;itemsets
0.9535113748763601;['DC']
0.7161226508407518;['Battery']
0.6706231454005934;['Battery', 'DC']
