support;itemsets
0.7692307692307693;[2708]
0.6923076923076923;[4066]
0.6538461538461539;[4068]
0.6153846153846154;[4394]
