support;itemsets
0.6488625123639961;[3658]
0.6429277942631059;[3636]
0.6429277942631059;[3658, 3636]
0.6261127596439169;[2956]
