support;itemsets
0.6792452830188679;[2956]
0.6666666666666666;[3658]
0.6666666666666666;[3636]
0.6666666666666666;[3658, 3636]
