support;itemsets
0.7578616352201258;[2956]
0.7578616352201258;[3658]
0.7547169811320755;[3636]
0.7547169811320755;[3658, 3636]
0.7012578616352201;[4068]
