support;itemsets
0.9230769230769231;[2708]
0.782051282051282;[4068]
0.7435897435897436;[2708, 4068]
0.7307692307692307;[4026]
0.717948717948718;[4026, 2708]
