support;itemsets
0.9230769230769231;['DC']
0.8846153846153846;['Battery']
0.8076923076923077;['Battery', 'DC']
