support;itemsets
0.8187919463087249;[2708]
0.738255033557047;[2956]
0.7248322147651006;[3658]
0.7248322147651006;[3636]
0.7248322147651006;[3658, 3636]
0.7046979865771812;[4168]
