support;itemsets
0.9245283018867925;[(4026, 'DC')]
0.9245283018867925;[(2708, 'DC')]
0.9150943396226415;[(4066, 'DC')]
0.9088050314465409;[(4068, 'DC')]
